[
  {
    "id": "3612c5c0-45aa-454c-9855-5e032a89a61b",
    "data": [
      {
        "text": "what to say?",
        "userDefined": false
      }
    ],
    "isTemplate": false,
    "count": 0,
    "updated": 0
  },
  {
    "id": "867af598-80d0-4baf-a7ac-c5b712dd5fd9",
    "data": [
      {
        "text": "what can i say?",
        "userDefined": false
      }
    ],
    "isTemplate": false,
    "count": 0,
    "updated": 0
  },
  {
    "id": "147f7086-2c22-4276-ba8d-bddf082d0f9b",
    "data": [
      {
        "text": "what do i do?",
        "userDefined": false
      }
    ],
    "isTemplate": false,
    "count": 0,
    "updated": 0
  },
  {
    "id": "2ec0b121-0f6c-40ba-aaaf-8c5cb9b4c4ee",
    "data": [
      {
        "text": "what can i do?",
        "userDefined": false
      }
    ],
    "isTemplate": false,
    "count": 0,
    "updated": 0
  },
  {
    "id": "3f88d8ed-6026-47ae-b4d6-adf3828aaab7",
    "data": [
      {
        "text": "give me some help",
        "userDefined": false
      }
    ],
    "isTemplate": false,
    "count": 0,
    "updated": 0
  },
  {
    "id": "0a78469b-bd4b-4233-b112-d2db02312f55",
    "data": [
      {
        "text": "give a hint",
        "userDefined": false
      }
    ],
    "isTemplate": false,
    "count": 0,
    "updated": 0
  },
  {
    "id": "07d837d1-c6ac-436f-a209-5abb9030a3cc",
    "data": [
      {
        "text": "how should I answer the question?",
        "userDefined": false
      }
    ],
    "isTemplate": false,
    "count": 0,
    "updated": 0
  },
  {
    "id": "fb49baa2-f5fd-4a56-931b-bf378a6702c4",
    "data": [
      {
        "text": "how do I answer the question?",
        "userDefined": false
      }
    ],
    "isTemplate": false,
    "count": 0,
    "updated": 0
  },
  {
    "id": "511d4de6-d3ee-41bc-a067-a34d726dfa1e",
    "data": [
      {
        "text": "what to do?",
        "userDefined": false
      }
    ],
    "isTemplate": false,
    "count": 0,
    "updated": 0
  },
  {
    "id": "68df38d5-db23-421e-8711-7258a501eba6",
    "data": [
      {
        "text": "what do I say?",
        "userDefined": false
      }
    ],
    "isTemplate": false,
    "count": 0,
    "updated": 0
  },
  {
    "id": "3650537c-b68e-463a-a8e2-955aba0fd95c",
    "data": [
      {
        "text": "what should I do?",
        "userDefined": false
      }
    ],
    "isTemplate": false,
    "count": 1,
    "updated": 0
  },
  {
    "id": "dd54d6e0-9386-4a97-9c5d-0d55390adf02",
    "data": [
      {
        "text": "how do i play?",
        "userDefined": false
      }
    ],
    "isTemplate": false,
    "count": 0,
    "updated": 0
  },
  {
    "id": "727c702d-83f1-46d4-8da0-7348e7728572",
    "data": [
      {
        "text": "please help me",
        "userDefined": false
      }
    ],
    "isTemplate": false,
    "count": 0,
    "updated": 0
  },
  {
    "id": "47be5e78-e7bf-44e4-b9c8-a3d2f108e56d",
    "data": [
      {
        "text": "I need some help",
        "userDefined": false
      }
    ],
    "isTemplate": false,
    "count": 0,
    "updated": 0
  },
  {
    "id": "3d7ec49f-1a08-4414-bd1f-9321559055d9",
    "data": [
      {
        "text": "can you help me?",
        "userDefined": false
      }
    ],
    "isTemplate": false,
    "count": 0,
    "updated": 0
  },
  {
    "id": "113b3880-dc50-4e7b-aadc-a95a3d885b66",
    "data": [
      {
        "text": "i don\u0027t understand",
        "userDefined": false
      }
    ],
    "isTemplate": false,
    "count": 0,
    "updated": 0
  },
  {
    "id": "64f2139d-e645-49a1-867d-80977c7125cf",
    "data": [
      {
        "text": "help me",
        "userDefined": false
      }
    ],
    "isTemplate": false,
    "count": 0,
    "updated": 0
  },
  {
    "id": "27b51625-23ac-4247-9617-4552a07013c6",
    "data": [
      {
        "text": "help",
        "userDefined": false
      }
    ],
    "isTemplate": false,
    "count": 0,
    "updated": 0
  }
]