[
  {
    "id": "669a791b-c0bc-421d-98bc-29ee25b33a02",
    "data": [
      {
        "text": "that\u0027s all",
        "userDefined": false
      }
    ],
    "isTemplate": false,
    "count": 0,
    "updated": 1497089077
  },
  {
    "id": "aa3af1dd-19a1-4c5a-bab8-eea743187cea",
    "data": [
      {
        "text": "no",
        "userDefined": false
      }
    ],
    "isTemplate": false,
    "count": 0,
    "updated": 1497089077
  },
  {
    "id": "71baa3ce-fa0f-4d50-b01e-6a5fc8112fcf",
    "data": [
      {
        "text": "bye bye",
        "userDefined": false
      }
    ],
    "isTemplate": false,
    "count": 0,
    "updated": 1497085928
  },
  {
    "id": "f043215c-6b3f-4b51-82c3-e0ae4aac5a26",
    "data": [
      {
        "text": "I have to go",
        "userDefined": false
      }
    ],
    "isTemplate": false,
    "count": 0,
    "updated": 0
  },
  {
    "id": "99f97e2e-0bc4-4f2b-8171-6b8541486ceb",
    "data": [
      {
        "text": "Let\u0027s talk later",
        "userDefined": false
      }
    ],
    "isTemplate": false,
    "count": 0,
    "updated": 0
  },
  {
    "id": "af1d2bc2-9a42-4d96-94de-9c216e575e14",
    "data": [
      {
        "text": "Ok, thanks.",
        "userDefined": false
      }
    ],
    "isTemplate": false,
    "count": 0,
    "updated": 0
  },
  {
    "id": "504aba41-799c-44a6-9b6f-fc2d37d6f777",
    "data": [
      {
        "text": "I\u0027m done",
        "userDefined": false
      }
    ],
    "isTemplate": false,
    "count": 0,
    "updated": 0
  },
  {
    "id": "3e352f27-1df6-45f3-8ba6-08551149097d",
    "data": [
      {
        "text": "end",
        "userDefined": false
      }
    ],
    "isTemplate": false,
    "count": 1,
    "updated": 0
  },
  {
    "id": "641ff26a-ff80-443b-a3b3-d933c3cee3ac",
    "data": [
      {
        "text": "stop",
        "userDefined": false
      }
    ],
    "isTemplate": false,
    "count": 1,
    "updated": 0
  },
  {
    "id": "28ad0e09-614f-4591-b5c5-8f04d96c1653",
    "data": [
      {
        "text": "turn off",
        "userDefined": false
      }
    ],
    "isTemplate": false,
    "count": 0,
    "updated": 0
  },
  {
    "id": "99f3ce4e-89a2-4724-9c20-15181123e20b",
    "data": [
      {
        "text": "terminate",
        "userDefined": false
      }
    ],
    "isTemplate": false,
    "count": 0,
    "updated": 0
  },
  {
    "id": "b0ade007-0d20-41fe-9875-ce8d5b910bfe",
    "data": [
      {
        "text": "shut up",
        "userDefined": false
      }
    ],
    "isTemplate": false,
    "count": 0,
    "updated": 0
  },
  {
    "id": "15d70e1e-2159-4e0a-991e-a5b3bad76a44",
    "data": [
      {
        "text": "quit",
        "userDefined": false
      }
    ],
    "isTemplate": false,
    "count": 0,
    "updated": 0
  },
  {
    "id": "5439d26a-f126-4135-a358-a212f06d37f7",
    "data": [
      {
        "text": "kill",
        "userDefined": false
      }
    ],
    "isTemplate": false,
    "count": 0,
    "updated": 0
  },
  {
    "id": "703bd539-174b-4db8-96e3-1604b3f7c878",
    "data": [
      {
        "text": "finish",
        "userDefined": false
      }
    ],
    "isTemplate": false,
    "count": 0,
    "updated": 0
  },
  {
    "id": "8c3a8767-215e-4f20-b50d-a3268fc0033c",
    "data": [
      {
        "text": "exit",
        "userDefined": false
      }
    ],
    "isTemplate": false,
    "count": 0,
    "updated": 0
  },
  {
    "id": "4b4ff15a-7d70-4698-a387-604279ac9c8d",
    "data": [
      {
        "text": "close",
        "userDefined": false
      }
    ],
    "isTemplate": false,
    "count": 0,
    "updated": 0
  },
  {
    "id": "46668134-3966-4c85-89fe-7955e78014b2",
    "data": [
      {
        "text": "let\u0027s stop here",
        "userDefined": false
      }
    ],
    "isTemplate": false,
    "count": 0,
    "updated": 0
  },
  {
    "id": "5ac23e31-61e2-4d54-b0fb-5d0880093561",
    "data": [
      {
        "text": "cancel",
        "userDefined": false
      }
    ],
    "isTemplate": false,
    "count": 1,
    "updated": 0
  },
  {
    "id": "9bff5f82-82b3-4990-9b86-e0556cea4c6f",
    "data": [
      {
        "text": "it\u0027s over",
        "userDefined": false
      }
    ],
    "isTemplate": false,
    "count": 0,
    "updated": 0
  },
  {
    "id": "5a609a8c-c198-4085-9f2f-39f13e3599fe",
    "data": [
      {
        "text": "i give up",
        "userDefined": false
      }
    ],
    "isTemplate": false,
    "count": 0,
    "updated": 0
  },
  {
    "id": "d59bc07e-8fb9-46a2-b14e-190ce91ea178",
    "data": [
      {
        "text": "I quit",
        "userDefined": false
      }
    ],
    "isTemplate": false,
    "count": 0,
    "updated": 0
  }
]